interaction_id,applicant_id,job_id,interaction_type,timestamp,detail
0dd9ee28-c733-41ab-a19c-8ec0eb3dafe5,aa8fc01d-bd91-42b5-a8dd-58c9aa90d454,job_sol_001,save,2026-09-03T19:47:39.771Z,
aa52db4a-2156-467a-a3fb-b51c69380b38,baaedf71-9bd7-48da-8120-c69651880dc7,job_sol_002,view,2026-09-04T13:22:51.401Z,
aadbc0ed-b1bb-4299-9e0a-58b75f67e699,baaedf71-9bd7-48da-8120-c69651880dc7,job_sol_002,view,2026-09-04T13:22:51.424Z,
47b8c406-33ef-4e54-83c1-ab81f627b778,baaedf71-9bd7-48da-8120-c69651880dc7,job_sol_002,view,2026-09-04T13:22:52.304Z,
5284ef69-f087-46dc-9aa6-1d01d531e541,baaedf71-9bd7-48da-8120-c69651880dc7,job_sol_002,view,2026-09-04T13:22:52.741Z,
4705293a-80e2-411c-9b0a-fa78c289270f,baaedf71-9bd7-48da-8120-c69651880dc7,job_sol_002,view,2026-09-04T13:22:53.290Z,
d935df68-290f-4cf6-991c-f806935ba78e,baaedf71-9bd7-48da-8120-c69651880dc7,job_sol_002,view,2026-09-04T13:22:53.780Z,
323b8768-c288-4efa-844f-efb46c1d67c3,baaedf71-9bd7-48da-8120-c69651880dc7,job_sol_002,view,2026-09-04T13:22:54.319Z,
20fe1920-7ecb-4208-85ab-6f3f3b0fad63,baaedf71-9bd7-48da-8120-c69651880dc7,job_sol_002,view,2026-09-04T13:22:54.861Z,
17fededd-e770-40a6-a6e5-02b8cd77ce05,baaedf71-9bd7-48da-8120-c69651880dc7,job_sol_002,view,2026-09-04T13:22:55.311Z,
b8bb9313-a969-486e-9698-12c08438b323,baaedf71-9bd7-48da-8120-c69651880dc7,job_sol_002,view,2026-09-04T13:22:55.837Z,
23d2629b-c19f-4b56-bc08-0f10e4d96f83,baaedf71-9bd7-48da-8120-c69651880dc7,job_sol_002,view,2026-09-04T13:22:56.744Z,
d0cc8774-74f5-46fa-827a-78afd4ddbb1f,baaedf71-9bd7-48da-8120-c69651880dc7,job_sol_002,view,2026-09-04T13:22:57.467Z,
811b4382-1ef9-4f5b-acc9-b08c4c9e681d,baaedf71-9bd7-48da-8120-c69651880dc7,job_sol_002,view,2026-09-04T13:22:57.932Z,
fe806348-dab2-4ead-883c-6061f99384f2,baaedf71-9bd7-48da-8120-c69651880dc7,job_sol_002,view,2026-09-04T13:22:58.447Z,
7aba5803-b4bc-4bb8-a69e-93b37cbc74d7,baaedf71-9bd7-48da-8120-c69651880dc7,job_sol_002,view,2026-09-04T13:22:58.964Z,
e9ba4188-237a-4cef-b5de-5359440f5d73,baaedf71-9bd7-48da-8120-c69651880dc7,job_sol_002,view,2026-09-04T13:22:59.474Z,
51e3b91b-c6e0-41ac-b6b9-f163be22ed48,baaedf71-9bd7-48da-8120-c69651880dc7,job_sol_002,view,2026-09-04T13:23:00.088Z,
e555ea28-d3a8-4ce2-9d04-92e7a02123d6,baaedf71-9bd7-48da-8120-c69651880dc7,job_sol_002,view,2026-09-04T13:23:00.523Z,
34e87332-c110-4f94-88f2-20de62e0acc1,baaedf71-9bd7-48da-8120-c69651880dc7,job_sol_002,view,2026-09-04T13:23:01.680Z,
83081e48-c8b1-485e-b810-9e8ed03163a0,baaedf71-9bd7-48da-8120-c69651880dc7,job_sol_002,view,2026-09-04T13:23:02.212Z,
3a5e5b1d-ef4c-4490-9aac-3ac1bdf56a91,baaedf71-9bd7-48da-8120-c69651880dc7,job_sol_002,view,2026-09-04T13:23:02.665Z,
c5bb4919-a1c8-437b-8187-4c9a20e1aa4c,baaedf71-9bd7-48da-8120-c69651880dc7,job_sol_002,view,2026-09-04T13:23:03.221Z,
baa41619-6b40-4e0c-afcc-0db303bde561,baaedf71-9bd7-48da-8120-c69651880dc7,job_sol_002,view,2026-09-04T13:23:03.722Z,
2a0a933a-2280-4c0b-bbbe-64add85ea289,baaedf71-9bd7-48da-8120-c69651880dc7,job_sol_002,view,2026-09-04T13:23:04.267Z,
129e1d22-5937-44ac-a1d2-4be7a0266d17,baaedf71-9bd7-48da-8120-c69651880dc7,job_sol_002,view,2026-09-04T13:23:04.781Z,
65c2e531-5ebf-4e8e-afef-3bff4245b3ed,baaedf71-9bd7-48da-8120-c69651880dc7,job_sol_002,view,2026-09-04T13:23:05.319Z,
a17239df-5a75-4fcc-b01c-0fce663406fc,baaedf71-9bd7-48da-8120-c69651880dc7,job_sol_002,view,2026-09-04T13:23:06.169Z,
c422a25c-c261-4469-83a1-3b5bdfaaac29,baaedf71-9bd7-48da-8120-c69651880dc7,job_sol_002,view,2026-09-04T13:23:06.637Z,
1dc5a32e-3b19-45d5-807a-faa543720c7a,baaedf71-9bd7-48da-8120-c69651880dc7,job_sol_002,view,2026-09-04T13:23:07.138Z,
b4c813d3-0382-480d-ad87-3651fd3b0ab8,baaedf71-9bd7-48da-8120-c69651880dc7,job_sol_002,view,2026-09-04T13:23:07.703Z,
d52cb3c2-4e5c-43e5-93be-7c03c142237c,baaedf71-9bd7-48da-8120-c69651880dc7,job_sol_002,view,2026-09-04T13:23:08.219Z,
d01d1b78-e448-4ad1-b8f5-a1fb74363639,baaedf71-9bd7-48da-8120-c69651880dc7,job_sol_002,view,2026-09-04T13:23:08.731Z,
6ed711d6-1794-4232-b338-ab96fdf498fa,baaedf71-9bd7-48da-8120-c69651880dc7,job_sol_002,view,2026-09-04T13:23:09.373Z,
49c518a5-fc12-4847-9f0d-73424cf699e5,baaedf71-9bd7-48da-8120-c69651880dc7,job_sol_002,view,2026-09-04T13:23:09.804Z,
3e67bc62-96ad-409c-9422-0034258fc4a9,baaedf71-9bd7-48da-8120-c69651880dc7,job_sol_002,view,2026-09-04T13:23:10.366Z,
9a89bf1a-de77-498c-87b8-e322f7d85724,baaedf71-9bd7-48da-8120-c69651880dc7,job_sol_002,view,2026-09-04T13:23:10.894Z,
97ac6f60-ddaf-4aad-8f5a-30aa10b3a5b5,baaedf71-9bd7-48da-8120-c69651880dc7,job_sol_002,view,2026-09-04T13:23:11.416Z,
d86cd771-1117-4eb4-9710-70879b0784c9,baaedf71-9bd7-48da-8120-c69651880dc7,job_sol_002,view,2026-09-04T13:23:12.244Z,
ff1840db-99e9-4ca0-b371-c06c0e96b57e,baaedf71-9bd7-48da-8120-c69651880dc7,job_sol_002,view,2026-09-04T13:23:12.756Z,
22cee948-013a-478d-8e76-a0ea4479d4af,baaedf71-9bd7-48da-8120-c69651880dc7,job_sol_002,view,2026-09-04T13:23:13.315Z,
ab0af372-334e-4ca8-b427-f414dee35e07,baaedf71-9bd7-48da-8120-c69651880dc7,job_sol_002,view,2026-09-04T13:23:13.802Z,
fa4b86a5-455b-40f9-8e9a-2f6b4294b805,baaedf71-9bd7-48da-8120-c69651880dc7,job_sol_002,view,2026-09-04T13:23:14.356Z,
19594400-ee86-49f9-b4b9-ad7fe0aee9e3,baaedf71-9bd7-48da-8120-c69651880dc7,job_sol_002,view,2026-09-04T13:23:14.899Z,
4e0e98dd-f515-478d-aa4c-def5af949b46,baaedf71-9bd7-48da-8120-c69651880dc7,job_sol_002,view,2026-09-04T13:23:15.503Z,
1d33f7ed-2334-4984-9c93-da66dab1372a,baaedf71-9bd7-48da-8120-c69651880dc7,job_sol_002,view,2026-09-04T13:23:16.020Z,
6869d8ce-ab93-4e6a-bd44-788d39f35527,baaedf71-9bd7-48da-8120-c69651880dc7,job_sol_002,view,2026-09-04T13:23:16.570Z,
171ebca9-41fa-4fc0-9f2e-980b70e3649b,baaedf71-9bd7-48da-8120-c69651880dc7,job_sol_002,view,2026-09-04T13:23:17.426Z,
469ccefd-0634-4b47-bed2-ba1b65ee7266,baaedf71-9bd7-48da-8120-c69651880dc7,job_sol_002,view,2026-09-04T13:23:17.960Z,
21d83792-a46c-4585-a132-d71c5ec9d9e1,baaedf71-9bd7-48da-8120-c69651880dc7,job_sol_002,view,2026-09-04T13:23:18.549Z,
640a6349-c3cc-4bde-9cad-f393fc1f6f7b,baaedf71-9bd7-48da-8120-c69651880dc7,job_sol_002,view,2026-09-04T13:23:19.024Z,
7bfa6e88-3615-4518-8307-c72100d8dedd,baaedf71-9bd7-48da-8120-c69651880dc7,job_sol_002,view,2026-09-04T13:23:19.595Z,
578a46fb-120f-487e-9279-479895f20b67,baaedf71-9bd7-48da-8120-c69651880dc7,job_sol_002,view,2026-09-04T13:23:20.151Z,
81341edd-a08b-4d32-ad32-6c52e6b9197b,baaedf71-9bd7-48da-8120-c69651880dc7,job_sol_002,view,2026-09-04T13:23:20.753Z,
af4241a1-4daa-4c32-a2f2-3a740867923a,baaedf71-9bd7-48da-8120-c69651880dc7,job_sol_002,view,2026-09-04T13:23:21.326Z,
91c53281-588c-4717-8379-c96629026eb0,baaedf71-9bd7-48da-8120-c69651880dc7,job_scraped_5a9d6b9982,view,2026-09-04T13:23:40.373Z,
af7288da-d73b-41df-b769-e882600f977d,baaedf71-9bd7-48da-8120-c69651880dc7,job_scraped_5a9d6b9982,view,2026-09-04T13:23:40.393Z,
d6b41cae-6d13-4592-a831-9f46a08000c6,baaedf71-9bd7-48da-8120-c69651880dc7,job_scraped_5a9d6b9982,view,2026-09-04T13:23:41.147Z,
df952a4a-e70a-43f5-bc59-b6ba056de5fa,baaedf71-9bd7-48da-8120-c69651880dc7,job_scraped_5a9d6b9982,view,2026-09-04T13:23:41.602Z,
2ab94cf8-6300-449c-baee-d9a2f66436d3,baaedf71-9bd7-48da-8120-c69651880dc7,job_scraped_5a9d6b9982,view,2026-09-04T13:23:42.070Z,
f24e18f2-574b-430f-8edf-22d9544a5237,baaedf71-9bd7-48da-8120-c69651880dc7,job_scraped_5a9d6b9982,view,2026-09-04T13:23:42.677Z,
d866adeb-72ce-4536-914b-4e97e5479348,baaedf71-9bd7-48da-8120-c69651880dc7,job_scraped_5a9d6b9982,view,2026-09-04T13:23:43.153Z,
9a50b5eb-7da9-4b12-a264-58ddcb13a575,baaedf71-9bd7-48da-8120-c69651880dc7,job_scraped_5a9d6b9982,view,2026-09-04T13:23:43.721Z,
9663e7c8-62b9-4db5-9112-7e6275244f5b,baaedf71-9bd7-48da-8120-c69651880dc7,job_scraped_5a9d6b9982,view,2026-09-04T13:23:44.330Z,
0c9b218b-e241-4a1b-80e6-f7c674969e7d,baaedf71-9bd7-48da-8120-c69651880dc7,job_scraped_5a9d6b9982,view,2026-09-04T13:23:44.911Z,
c645ea58-04a8-4d31-b749-4d04398ed235,baaedf71-9bd7-48da-8120-c69651880dc7,job_scraped_5a9d6b9982,view,2026-09-04T13:23:45.510Z,
477a5cef-e6c7-4880-8a1d-54e161a40184,baaedf71-9bd7-48da-8120-c69651880dc7,job_scraped_5a9d6b9982,view,2026-09-04T13:23:46.094Z,
9d9966e3-4830-41f2-867a-0b4f03952cdc,baaedf71-9bd7-48da-8120-c69651880dc7,job_sol_001,view,2026-09-04T13:33:38.584Z,
d62beb46-4a1a-437b-b409-9aa2d906de4f,baaedf71-9bd7-48da-8120-c69651880dc7,job_sol_001,view,2026-09-04T13:33:39.805Z,
6d164d44-860f-447c-9d51-0c5c0bb1c200,baaedf71-9bd7-48da-8120-c69651880dc7,job_sol_001,view,2026-09-04T13:33:40.476Z,
3d842eca-12d8-410c-beff-b6a8f79e5412,baaedf71-9bd7-48da-8120-c69651880dc7,job_sol_001,view,2026-09-04T13:33:40.892Z,
0d115632-8ff8-4735-b678-1a43828484b7,baaedf71-9bd7-48da-8120-c69651880dc7,job_sol_001,view,2026-09-04T13:33:41.418Z,
09215601-f415-492d-8657-91159b484ae8,baaedf71-9bd7-48da-8120-c69651880dc7,job_sol_001,view,2026-09-04T13:33:41.848Z,
84b47bf1-c410-436a-af02-261e153b6484,baaedf71-9bd7-48da-8120-c69651880dc7,job_sol_001,view,2026-09-04T13:33:42.365Z,
adb4dfb8-8b3e-41e0-8b33-acd03b233b8a,baaedf71-9bd7-48da-8120-c69651880dc7,job_sol_001,view,2026-09-04T13:33:42.811Z,
64a659ea-bbcf-4698-a7cd-e37b12ecd776,baaedf71-9bd7-48da-8120-c69651880dc7,job_sol_001,view,2026-09-04T13:33:43.236Z,
b66b1868-3826-42b1-a539-b570d32fec0e,baaedf71-9bd7-48da-8120-c69651880dc7,job_sol_001,view,2026-09-04T13:33:43.700Z,
926aee23-858e-47f4-a3da-f5417f0a55f5,baaedf71-9bd7-48da-8120-c69651880dc7,job_sol_001,view,2026-09-04T13:33:44.196Z,
797dc504-3c0a-48a1-b2f0-94abcfcc5586,baaedf71-9bd7-48da-8120-c69651880dc7,job_sol_001,view,2026-09-04T13:33:44.617Z,
6d012bbb-8935-49f7-978b-0ad61ea247e7,baaedf71-9bd7-48da-8120-c69651880dc7,job_sol_001,view,2026-09-04T13:33:45.117Z,
39382468-d0ff-4b13-8c83-b7cbd61f45f8,baaedf71-9bd7-48da-8120-c69651880dc7,job_sol_001,view,2026-09-04T13:33:45.584Z,
ca527828-28fe-41f4-9e1e-315152e5edff,baaedf71-9bd7-48da-8120-c69651880dc7,job_sol_001,view,2026-09-04T13:33:46.150Z,
aea2daf4-7eff-4865-b8b1-8e04e65ea399,baaedf71-9bd7-48da-8120-c69651880dc7,job_sol_001,view,2026-09-04T13:33:46.649Z,
71333f68-57f2-4f86-b10f-5dc4ac561a3d,baaedf71-9bd7-48da-8120-c69651880dc7,job_sol_001,view,2026-09-04T13:33:47.152Z,
47b56a1c-a3e8-44c6-bf3d-c14ee84b70e1,baaedf71-9bd7-48da-8120-c69651880dc7,job_sol_001,view,2026-09-04T13:33:47.643Z,
abd7215b-911b-4c0c-9ad3-91101e27971c,baaedf71-9bd7-48da-8120-c69651880dc7,job_sol_001,view,2026-09-04T13:33:48.243Z,
d90871a6-6a98-484b-98d4-449ef2458ade,baaedf71-9bd7-48da-8120-c69651880dc7,job_sol_001,view,2026-09-04T13:33:48.953Z,
ba697c59-a9db-420e-87e1-c202ea5414df,baaedf71-9bd7-48da-8120-c69651880dc7,job_sol_001,view,2026-09-04T13:33:49.470Z,
20220a3f-ca70-43c8-a2d6-e13eaef89700,baaedf71-9bd7-48da-8120-c69651880dc7,job_sol_001,view,2026-09-04T13:33:49.972Z,
1125a28c-2b42-46d1-8b34-e77708fde5a0,baaedf71-9bd7-48da-8120-c69651880dc7,job_sol_001,view,2026-09-04T13:33:50.495Z,
ca3f2540-46c6-445f-af18-eaa90fb84a24,baaedf71-9bd7-48da-8120-c69651880dc7,job_sol_001,view,2026-09-04T13:33:51.020Z,
02cb7c4e-e31d-4aeb-a1e4-5968e30a59fa,baaedf71-9bd7-48da-8120-c69651880dc7,job_sol_001,view,2026-09-04T13:33:51.540Z,
1584c2fd-1d15-4b77-8cb3-23051eb2629f,baaedf71-9bd7-48da-8120-c69651880dc7,job_sol_001,view,2026-09-04T13:33:52.106Z,
13c447bf-eaa0-476d-99f2-1afdd943defe,baaedf71-9bd7-48da-8120-c69651880dc7,job_sol_001,view,2026-09-04T13:33:52.601Z,
826b2aec-c58d-427a-ab66-bb7cc28bd74d,baaedf71-9bd7-48da-8120-c69651880dc7,job_sol_001,view,2026-09-04T13:33:53.437Z,
0519b415-1930-4dda-9d29-892a8e0685aa,baaedf71-9bd7-48da-8120-c69651880dc7,job_sol_001,view,2026-09-04T13:33:53.911Z,
b8577379-8d51-4d49-a5a2-e8b735a5ef8a,baaedf71-9bd7-48da-8120-c69651880dc7,job_sol_001,view,2026-09-04T13:33:54.399Z,
92e3554f-7762-4672-a063-a0eac610a405,baaedf71-9bd7-48da-8120-c69651880dc7,job_sol_001,view,2026-09-04T13:33:54.941Z,
153936e3-ab94-4f8a-af8f-a7970aab6d54,baaedf71-9bd7-48da-8120-c69651880dc7,job_sol_001,view,2026-09-04T13:33:55.423Z,
d3b1f2dd-5792-4165-95ea-c38152d7b7ff,baaedf71-9bd7-48da-8120-c69651880dc7,job_sol_001,view,2026-09-04T13:33:55.935Z,
693fef14-33f4-4db5-9e81-b9962434aad1,baaedf71-9bd7-48da-8120-c69651880dc7,job_sol_001,view,2026-09-04T13:33:56.409Z,
0e3be76a-47d1-4f50-926f-aac7e0b926ce,baaedf71-9bd7-48da-8120-c69651880dc7,job_sol_001,view,2026-09-04T13:33:57.249Z,
cf5f32ae-19b5-4ffc-87d2-12fd51018dc6,baaedf71-9bd7-48da-8120-c69651880dc7,job_sol_001,view,2026-09-04T13:33:57.774Z,
f49325e1-37c7-4fa0-82f4-2b6371dea5b6,baaedf71-9bd7-48da-8120-c69651880dc7,job_sol_001,view,2026-09-04T13:33:58.291Z,
b994ce18-0da8-454a-80f6-801ebd21f25d,baaedf71-9bd7-48da-8120-c69651880dc7,job_sol_001,view,2026-09-04T13:33:58.792Z,
05a67412-a95f-4e26-b9f4-cea4d035a3e8,baaedf71-9bd7-48da-8120-c69651880dc7,job_sol_001,view,2026-09-04T13:33:59.290Z,
6b13ffed-446a-422c-8bc7-c2e1dfc9a78c,baaedf71-9bd7-48da-8120-c69651880dc7,job_sol_001,view,2026-09-04T13:33:59.818Z,
39038eb0-7893-4ba6-be25-2f103e877f5e,baaedf71-9bd7-48da-8120-c69651880dc7,job_sol_001,view,2026-09-04T13:34:00.549Z,
c8d0ba4e-61be-47d1-9c5c-8364a0b93bfd,baaedf71-9bd7-48da-8120-c69651880dc7,job_sol_001,view,2026-09-04T13:34:01.114Z,
051c850a-6444-4b6f-bbf3-b30382593e8d,baaedf71-9bd7-48da-8120-c69651880dc7,job_sol_001,view,2026-09-04T13:34:02.121Z,
edd25843-62ec-46af-bb41-bff27e7d9a1d,baaedf71-9bd7-48da-8120-c69651880dc7,job_sol_001,view,2026-09-04T13:34:02.943Z,
731d756c-b119-4f9e-8173-2f18a84338a3,baaedf71-9bd7-48da-8120-c69651880dc7,job_sol_001,view,2026-09-04T13:34:03.703Z,
aa15dd28-d68c-41d0-a3bf-9d658a27b14a,baaedf71-9bd7-48da-8120-c69651880dc7,job_sol_001,view,2026-09-04T13:34:04.373Z,
df057f17-7e91-4204-8c86-7d4d36ba920e,baaedf71-9bd7-48da-8120-c69651880dc7,job_sol_001,view,2026-09-04T13:34:05.009Z,
3564a8d9-b097-486d-94b8-67e48b0241ad,baaedf71-9bd7-48da-8120-c69651880dc7,job_sol_001,view,2026-09-04T13:34:05.507Z,
23563863-4729-48c3-9e7a-d3489d5dca2c,baaedf71-9bd7-48da-8120-c69651880dc7,job_sol_001,view,2026-09-04T13:34:06.436Z,
d9e1e4da-26b4-47f1-88f4-72fb2413cd52,baaedf71-9bd7-48da-8120-c69651880dc7,job_sol_001,view,2026-09-04T13:34:07.005Z,
083ef615-dfce-4f0e-8a19-e75a05d6e199,baaedf71-9bd7-48da-8120-c69651880dc7,job_sol_001,view,2026-09-04T13:34:07.604Z,
207d1f9c-53a8-47ac-9122-2421520e9678,baaedf71-9bd7-48da-8120-c69651880dc7,job_sol_001,view,2026-09-04T13:34:08.141Z,
746eafeb-bf23-4d1d-a2c1-c394803f5d80,baaedf71-9bd7-48da-8120-c69651880dc7,job_sol_001,view,2026-09-04T13:34:08.653Z,
41bfed74-70c7-45e4-b40b-561a81118d1f,baaedf71-9bd7-48da-8120-c69651880dc7,job_sol_001,view,2026-09-04T13:34:09.187Z,
2e5ca74a-c509-4dfd-bfb5-f4b38ed6761c,baaedf71-9bd7-48da-8120-c69651880dc7,job_sol_001,view,2026-09-04T13:34:09.715Z,
791ae742-097b-4a67-9743-755aca46ef2a,baaedf71-9bd7-48da-8120-c69651880dc7,job_sol_001,view,2026-09-04T13:34:10.270Z,
493bf2a4-cf0c-4883-995b-3d114a70704d,baaedf71-9bd7-48da-8120-c69651880dc7,job_sol_001,view,2026-09-04T13:34:11.188Z,
bb01d6d3-8612-4ae8-8714-803c6947792f,baaedf71-9bd7-48da-8120-c69651880dc7,job_sol_001,view,2026-09-04T13:34:11.689Z,
cc09cba6-1b35-4ba2-9bd6-511e2e3e4c25,baaedf71-9bd7-48da-8120-c69651880dc7,job_sol_001,view,2026-09-04T13:34:12.248Z,
cd438ebc-408b-4c49-950b-c43bc221d4dc,baaedf71-9bd7-48da-8120-c69651880dc7,job_sol_001,view,2026-09-04T13:34:12.802Z,
1742bac7-ed4d-4b0e-aec5-3c9243e97aa6,baaedf71-9bd7-48da-8120-c69651880dc7,job_sol_001,view,2026-09-04T13:34:13.348Z,
741870c9-7ca1-4543-a4cd-8425c088a9ac,baaedf71-9bd7-48da-8120-c69651880dc7,job_sol_001,view,2026-09-04T13:34:13.917Z,
73e42bf1-1c5e-4920-9820-ad98fd98de2a,baaedf71-9bd7-48da-8120-c69651880dc7,job_sol_001,view,2026-09-04T13:34:14.551Z,
60f8d640-18f1-4121-bba0-c4cd45d61f53,baaedf71-9bd7-48da-8120-c69651880dc7,job_sol_001,view,2026-09-04T13:34:15.255Z,
12579682-85ef-42c7-a802-dea9c953e682,baaedf71-9bd7-48da-8120-c69651880dc7,job_sol_001,view,2026-09-04T13:34:15.818Z,
2e27648b-73a2-4dec-8412-499726c4ddb9,baaedf71-9bd7-48da-8120-c69651880dc7,job_sol_001,view,2026-09-04T13:34:16.429Z,
915d6222-0cb7-4a24-a7de-a64b30b2851a,baaedf71-9bd7-48da-8120-c69651880dc7,job_sol_001,view,2026-09-04T13:34:17.008Z,
fe051433-ae61-418c-94cd-86f6abb7002d,baaedf71-9bd7-48da-8120-c69651880dc7,job_sol_001,view,2026-09-04T13:34:18.072Z,
7e32c46f-7f2f-40c0-b501-c50569fcaf53,baaedf71-9bd7-48da-8120-c69651880dc7,job_sol_001,view,2026-09-04T13:34:18.642Z,
a8ba178f-80ab-4601-a21e-7adde5e5c6fb,baaedf71-9bd7-48da-8120-c69651880dc7,job_sol_001,view,2026-09-04T13:34:19.185Z,
dd0d0f88-c3db-4478-af11-87f32e8ffde4,baaedf71-9bd7-48da-8120-c69651880dc7,job_sol_001,view,2026-09-04T13:34:20.133Z,
9e5fad63-cbb7-4e32-b4f3-71f33c217710,baaedf71-9bd7-48da-8120-c69651880dc7,job_sol_001,view,2026-09-04T13:34:20.672Z,
68aec8cb-5b47-4081-82bb-ed84b82a7227,baaedf71-9bd7-48da-8120-c69651880dc7,job_sol_001,view,2026-09-04T13:34:21.243Z,
1e165de8-27fa-4199-a330-0416f83f633f,baaedf71-9bd7-48da-8120-c69651880dc7,job_sol_001,view,2026-09-04T13:34:21.866Z,
6f15a544-5efa-4a6a-8e39-e2022fcf6b44,baaedf71-9bd7-48da-8120-c69651880dc7,job_sol_001,view,2026-09-04T13:34:22.403Z,
d81eb761-0abe-42ca-91fe-35b1efc73eac,baaedf71-9bd7-48da-8120-c69651880dc7,job_sol_001,view,2026-09-04T13:34:23.303Z,
48be2d02-3ed7-427c-8fed-9e8f357536f1,baaedf71-9bd7-48da-8120-c69651880dc7,job_sol_001,view,2026-09-04T13:34:24.071Z,
b2f4e813-98de-4581-befd-cebf3cdf103f,baaedf71-9bd7-48da-8120-c69651880dc7,job_sol_001,view,2026-09-04T13:34:24.661Z,
565f97ea-22db-4798-9a47-1466e0f3ac70,baaedf71-9bd7-48da-8120-c69651880dc7,job_sol_001,view,2026-09-04T13:34:25.200Z,
b2bd6173-01d1-43e5-8e28-5b8f30d9c566,baaedf71-9bd7-48da-8120-c69651880dc7,job_sol_001,view,2026-09-04T13:34:25.809Z,
b416e27f-6e37-4f4e-b174-a1fed0dc3474,baaedf71-9bd7-48da-8120-c69651880dc7,job_sol_001,view,2026-09-04T13:34:26.373Z,
3197f9f0-07fe-412f-a22e-6d046d36ecdf,baaedf71-9bd7-48da-8120-c69651880dc7,job_sol_001,view,2026-09-04T13:34:27.124Z,
17e351df-d471-4f31-a15b-cfd8b287edab,baaedf71-9bd7-48da-8120-c69651880dc7,job_sol_001,view,2026-09-04T13:34:27.943Z,
7988ba04-dfe6-4e99-b7bf-ae5784bbf287,baaedf71-9bd7-48da-8120-c69651880dc7,job_sol_001,view,2026-09-04T13:34:28.890Z,
345e23dd-eb28-4489-8fc1-08f9bcc4be37,baaedf71-9bd7-48da-8120-c69651880dc7,job_sol_001,view,2026-09-04T13:34:29.477Z,
38be97c5-cd8c-49f2-8b9c-38d8283d4ac2,baaedf71-9bd7-48da-8120-c69651880dc7,job_sol_001,view,2026-09-04T13:34:30.100Z,
ad28d6da-5ed9-4128-891a-5c636481e8a0,baaedf71-9bd7-48da-8120-c69651880dc7,job_sol_001,view,2026-09-04T13:34:30.710Z,
b331b81f-b6f2-49da-ac1d-669a98f9f086,baaedf71-9bd7-48da-8120-c69651880dc7,job_sol_001,view,2026-09-04T13:34:31.287Z,
fd3c732b-a46c-48f3-9dc3-5e9aacea7cf0,baaedf71-9bd7-48da-8120-c69651880dc7,job_sol_001,view,2026-09-04T13:34:31.846Z,
aa998495-87e1-4a9f-890a-0dd05f5783a4,baaedf71-9bd7-48da-8120-c69651880dc7,job_sol_001,view,2026-09-04T13:34:32.410Z,
fe5206e8-6432-41ba-80ce-8bacc2c8f5bf,baaedf71-9bd7-48da-8120-c69651880dc7,job_sol_001,view,2026-09-04T13:34:33.018Z,
8133ad4e-0a65-4496-8178-abd77c9d02d9,baaedf71-9bd7-48da-8120-c69651880dc7,job_sol_001,view,2026-09-04T13:34:33.583Z,
dcc0d2ba-9c05-4638-be4b-56cd6e402651,baaedf71-9bd7-48da-8120-c69651880dc7,job_sol_001,view,2026-09-04T13:34:34.166Z,
4e733036-3bb2-4c06-a4e6-be6c1e9cdcd9,baaedf71-9bd7-48da-8120-c69651880dc7,job_sol_001,view,2026-09-04T13:34:34.736Z,
320173ac-d209-4bc6-a826-51041602eadc,baaedf71-9bd7-48da-8120-c69651880dc7,job_sol_001,view,2026-09-04T13:34:35.447Z,
3065f0dd-969a-4643-8a0c-a695b232dd3e,baaedf71-9bd7-48da-8120-c69651880dc7,job_sol_001,view,2026-09-04T13:34:35.983Z,
587c4333-0b8c-459d-96e5-8204877f9dec,baaedf71-9bd7-48da-8120-c69651880dc7,job_sol_001,view,2026-09-04T13:34:36.651Z,
783889b8-ed0e-43fa-903d-9489fb1277b3,baaedf71-9bd7-48da-8120-c69651880dc7,job_sol_001,view,2026-09-04T13:34:37.241Z,
fc3f8573-b739-4e5a-8f5a-1e24f2140239,baaedf71-9bd7-48da-8120-c69651880dc7,job_sol_001,view,2026-09-04T13:34:37.857Z,
c654ef39-4442-4fda-8d84-5381f08e0571,baaedf71-9bd7-48da-8120-c69651880dc7,job_sol_001,view,2026-09-04T13:34:38.493Z,
945af3e3-5472-40b0-989e-5074ccc7ee99,baaedf71-9bd7-48da-8120-c69651880dc7,job_sol_001,view,2026-09-04T13:34:39.062Z,
3644aecf-8792-4fdd-b43a-18ddcaff19bf,baaedf71-9bd7-48da-8120-c69651880dc7,job_sol_001,view,2026-09-04T13:34:39.670Z,
bea2aa2b-566a-44a4-8b93-0890a440e69d,baaedf71-9bd7-48da-8120-c69651880dc7,job_sol_001,view,2026-09-04T13:34:40.246Z,
d56ce1cf-7838-4d69-9c62-23eb93cd4717,baaedf71-9bd7-48da-8120-c69651880dc7,job_sol_001,view,2026-09-04T13:34:40.808Z,
4cf25973-dee8-40fc-bf05-62e8881e9307,baaedf71-9bd7-48da-8120-c69651880dc7,job_sol_001,view,2026-09-04T13:34:41.440Z,
5e31f3c3-b69c-4bbf-b26b-77fc7b0a228b,baaedf71-9bd7-48da-8120-c69651880dc7,job_sol_001,view,2026-09-04T13:34:42.153Z,
e0c9891b-ee59-4a0e-bf17-aa420eefa4db,baaedf71-9bd7-48da-8120-c69651880dc7,job_sol_001,view,2026-09-04T13:34:42.787Z,
c1fd595b-4dfa-4865-9fe9-f8dafbcbc2ad,baaedf71-9bd7-48da-8120-c69651880dc7,job_sol_001,view,2026-09-04T13:34:43.451Z,
0f56ff55-66ac-4a8c-8789-1da8194b2822,baaedf71-9bd7-48da-8120-c69651880dc7,job_sol_001,view,2026-09-04T13:34:44.116Z,
f01f343b-6468-4957-a887-f9f38bc2c9d2,baaedf71-9bd7-48da-8120-c69651880dc7,job_sol_001,view,2026-09-04T13:34:44.767Z,
99509b57-9830-49ac-95e5-7829c8539c13,baaedf71-9bd7-48da-8120-c69651880dc7,job_sol_001,view,2026-09-04T13:34:45.404Z,
7e465df7-f4ab-427a-a523-dbf8aa31be22,baaedf71-9bd7-48da-8120-c69651880dc7,job_sol_001,view,2026-09-04T13:34:45.986Z,
b53da4e4-95ca-43e1-af35-e27f624765c8,baaedf71-9bd7-48da-8120-c69651880dc7,job_sol_001,view,2026-09-04T13:34:46.635Z,
c9c79744-906f-4887-9b2f-15258dfefa20,baaedf71-9bd7-48da-8120-c69651880dc7,job_sol_001,view,2026-09-04T13:34:47.246Z,
3f1c8d7f-02da-420e-b1d2-955587552014,baaedf71-9bd7-48da-8120-c69651880dc7,job_sol_001,view,2026-09-04T13:34:47.863Z,
102bb08f-e45f-4d95-834b-79c3c45cac9c,baaedf71-9bd7-48da-8120-c69651880dc7,job_sol_001,view,2026-09-04T13:34:48.501Z,
81b2ac75-edeb-400f-b6ec-e1005375b157,baaedf71-9bd7-48da-8120-c69651880dc7,job_sol_001,view,2026-09-04T13:34:49.672Z,
83696c4d-4fb9-4ef8-8ff9-f2ab85393601,baaedf71-9bd7-48da-8120-c69651880dc7,job_sol_001,view,2026-09-04T13:34:50.976Z,
082461ef-db45-41aa-b17e-c047285be756,baaedf71-9bd7-48da-8120-c69651880dc7,job_sol_001,view,2026-09-04T13:34:51.692Z,
cc385f9e-2df8-4671-acc8-419fd3914b4f,baaedf71-9bd7-48da-8120-c69651880dc7,job_sol_001,view,2026-09-04T13:34:52.796Z,
45f30f7d-59c7-41c3-ab8d-fb9eaa31123f,baaedf71-9bd7-48da-8120-c69651880dc7,job_sol_001,view,2026-09-04T13:34:53.618Z,
e39a493a-d9e9-449b-93cc-5a0f568291f7,baaedf71-9bd7-48da-8120-c69651880dc7,job_sol_001,view,2026-09-04T13:34:54.858Z,
55c0e05e-c675-4aea-b1a0-436da977df2d,baaedf71-9bd7-48da-8120-c69651880dc7,job_sol_001,view,2026-09-04T13:34:55.572Z,
260c847b-46c6-4ece-95af-140da1eab48e,baaedf71-9bd7-48da-8120-c69651880dc7,job_sol_001,view,2026-09-04T13:34:56.209Z,
9a62a6a4-f296-4520-bbe7-8890188f419b,baaedf71-9bd7-48da-8120-c69651880dc7,job_sol_001,view,2026-09-04T13:34:56.994Z,
4f06c525-ba47-4e10-9bd5-256df3e68444,baaedf71-9bd7-48da-8120-c69651880dc7,job_sol_001,view,2026-09-04T13:34:57.826Z,
bc72e0d4-641e-489d-af5c-62a7ac2ddfac,baaedf71-9bd7-48da-8120-c69651880dc7,job_sol_001,view,2026-09-04T13:34:58.609Z,
8a2758ff-9518-4a78-a0bc-812332e3f67b,baaedf71-9bd7-48da-8120-c69651880dc7,job_sol_001,view,2026-09-04T13:34:59.392Z,
6c83131e-db9f-4721-81da-962cae4b5dd8,baaedf71-9bd7-48da-8120-c69651880dc7,job_sol_001,view,2026-09-04T13:35:00.284Z,
ab465e55-e2f4-47c4-90f6-db6c64af3ed9,baaedf71-9bd7-48da-8120-c69651880dc7,job_sol_001,view,2026-09-04T13:35:01.201Z,
a65027bf-7d58-445f-9264-d79ca1c4c729,baaedf71-9bd7-48da-8120-c69651880dc7,job_sol_001,view,2026-09-04T13:35:04.602Z,
8dbf49d0-29b9-4886-bc50-2d86ba0bed09,baaedf71-9bd7-48da-8120-c69651880dc7,job_sol_001,view,2026-09-04T13:35:06.130Z,
07acb744-a87c-45ca-b9a8-ba0739a7f8d0,baaedf71-9bd7-48da-8120-c69651880dc7,job_sol_001,view,2026-09-04T13:35:07.974Z,
cf192683-e891-45cd-bfd5-e1c0f5e306f3,baaedf71-9bd7-48da-8120-c69651880dc7,job_scraped_1f90b99efb,view,2026-09-04T13:47:28.791Z,
